Country Code,Full Name,First Name,Last Name,Age,Event
AUS,Kaylee MCKEOWN,Kaylee,MCKEOWN,23,Women200IM
AUS,Ella RAMSAY,Ella,RAMSAY,20,Women200IM
AUT,Lena KREUNDL,Lena,KREUNDL,26,Women200IM
CAN,Summer MCINTOSH,Summer,MCINTOSH,17,Women200IM
CAN,Sydney PICKREM,Sydney,PICKREM,27,Women200IM
CHN,Shiwen YE,Shiwen,YE,28,Women200IM
CHN,Yiting YU,Yiting,YU,18,Women200IM
CPV,Jayla PINA,Jayla,PINA,20,Women200IM
CZE,Barbora SEEMANOVA,Barbora,SEEMANOVA,24,Women200IM
ESP,Emma CARRASCO CADENS,Emma,CARRASCO CADENS,18,Women200IM
FRA,Charlotte BONNET,Charlotte,BONNET,29,Women200IM
GBR,Freya Constance COLBERT,Freya Constance,COLBERT,20,Women200IM
GBR,Abbie WOOD,Abbie,WOOD,25,Women200IM
HUN,Dalma SEBESTYEN,Dalma,SEBESTYEN,27,Women200IM
INA,Azzahra PERMATAHANI,Azzahra,PERMATAHANI,22,Women200IM
IRL,Ellen WALSHE,Ellen,WALSHE,22,Women200IM
ISR,Anastasia GORBENKO,Anastasia,GORBENKO,20,Women200IM
ISR,Lea POLONSKY,Lea,POLONSKY,22,Women200IM
ITA,Sara FRANCESCHI,Sara,FRANCESCHI,25,Women200IM
JPN,Shiho MATSUMOTO,Shiho,MATSUMOTO,22,Women200IM
JPN,Yui OHASHI,Yui,OHASHI,28,Women200IM
KOR,Seoyeong KIM,Seoyeong,KIM,30,Women200IM
LAT,Ieva MALUKA,Ieva,MALUKA,21,Women200IM
NED,Marrit STEENBERGEN,Marrit,STEENBERGEN,24,Women200IM
PER,Mckenna DE BEVER,Mckenna,DE BEVER,28,Women200IM
PLE,Valerie Rose TARAZI,Valerie Rose,TARAZI,24,Women200IM
PUR,Kristen Elena ROMANO,Kristen Elena,ROMANO,24,Women200IM
RSA,Rebecca MEDER,Rebecca,MEDER,22,Women200IM
SVK,Tamara POTOCKA,Tamara,POTOCKA,21,Women200IM
TPE,An-Chi HAN,An-Chi,HAN,19,Women200IM
URU,Nicole FRANK,Nicole,FRANK,20,Women200IM
USA,Kate DOUGLASS,Kate,DOUGLASS,22,Women200IM
USA,Alex WALSH,Alex,WALSH,23,Women200IM
VIE,Thi My Tien VO,Thi My Tien,VO,18,Women200IM
